<Anims>
 <anim name="anim" root="maozi" numframes="50" framerate="40">
  <frame idx="0" w="330" h="330" x="-20.232620" y="-19.877399">
   <element name="swap_hat" layername="swap_hat" frame="3" z_index="1" m_a="0.762711" m_b="0.000000" m_c="0.000000" m_d="0.762695" m_tx="0.902987" m_ty="-3.287456"/>
  </frame>
  <frame idx="25" w="330" h="330" x="-20.232620" y="-19.877399">
   <element name="swap_hat" layername="swap_hat" frame="3" z_index="1" m_a="0.762711" m_b="0.000000" m_c="0.000000" m_d="0.762695" m_tx="0.902987" m_ty="-3.287456"/>
  </frame>
 </anim>
</Anims>
